﻿<LibraryDocument xmlns:xsi="http://www.w3.org/2001/XMLSchema-instance" xmlns:xsd="http://www.w3.org/2001/XMLSchema">
  <Properties>
    <Property Name="AUTHORING_SCOPE" Value="ScopeId_F23083F3-3E96-4086-AA57-324B0B243B26" />
  </Properties>
  <Contents>
    <Content UniqueId="cadb7758-364d-4c01-9ff8-9ddf8bac7fa8" Hash="" Description="MDE Onboarding Package" RelativePath="MDE Onboarding Package" FullPath="C:\Users\LabAdmin\Documents\AV-Migration-MDE-TS_files\MDE Onboarding Package\" SingleFile="false" StorageType="" FullOwnership="true" OriginalPath="C:\Share\Packages\" OriginalStorage="" />
  </Contents>
  <EntryObjects>
    <Object Path="SMS_Package.PackageID='CHQ00011'" Type="SMS_Package" />
    <Object Path="SMS_TaskSequencePackage.PackageID='CHQ0000E'" Type="SMS_TaskSequencePackage" />
  </EntryObjects>
</LibraryDocument>