﻿<LibraryDocument xmlns:xsi="http://www.w3.org/2001/XMLSchema-instance" xmlns:xsd="http://www.w3.org/2001/XMLSchema">
  <Properties>
    <Property Name="AUTHORING_SCOPE" Value="ScopeId_F23083F3-3E96-4086-AA57-324B0B243B26" />
  </Properties>
  <Contents>
    <Content UniqueId="08742000-d899-4c6f-8996-54786ce7510a" Hash="" Description="MDE Onboarding Package" RelativePath="MDE Onboarding Package" FullPath="C:\Users\LabAdmin\Documents\Migrate2MDAV-DownlevelOS_files\MDE Onboarding Package\" SingleFile="false" StorageType="" FullOwnership="true" OriginalPath="C:\Onboarding\" OriginalStorage="" />
  </Contents>
  <EntryObjects>
    <Object Path="SMS_Package.PackageID='CHQ00008'" Type="SMS_Package" />
    <Object Path="SMS_TaskSequencePackage.PackageID='CHQ0000A'" Type="SMS_TaskSequencePackage" />
  </EntryObjects>
</LibraryDocument>